<?xml version="1.0" encoding="UTF-8" ?>
<!--
 Licensed Materials - Property of Softacus
 © Copyright Softacus 2022

 Author: Jakub Lednicky
-->

<Module>
    <ModulePrefs scrolling="true">
        <Require feature="com.ibm.rdm.rm.api"/>
        <Require feature="dynamic-height"/>
    </ModulePrefs>
    <Content type="html">
        <![CDATA[
<html>
	<head>
		<script type="module" src="main.js"></script>
	</head>
	<body>
        <p>This widget is a demo only.</p>
        <p>Select artifacts and then click on the button to perform bulk update.</p>

        <button id="button">Update artifacts</button>
	</body>
</html>
]]>
    </Content>
</Module>
